apprenticeship-end-point-assessment-organisation-standard-code	name	start-date	end-date
1	Network Engineer		
2	Software Developer		
3	Aerospace Manufacturing Fitter		
4	Mechatronics Maintenance Technician		
5	Installation Electrician/Maintenance Electrician		
6	Power Network Craftsperson		
7	Relationship Manager (Banking)		
8	Financial Services Administrator		
9	Control /Technical Support Engineer		
10	Electrical /Electronic Technical Support Engineer		
11	Manufacturing Engineer		
12	Product Design and Development Engineer		
13	Product Design and Development Technician		
14	Laboratory Technician		
15	Science Manufacturing Technician		
16	Food and Drink Maintenance Engineer		
17	Actuarial Technician		
18	Dental Technician		
19	Dental Laboratory Assistant		
20	Dental Practice Manager		
21	Golf Greenkeeper		
22	Junior Journalist		
23	Property Maintenance Operative		
24	Railway Engineering Design Technician		
25	Digital and Technology Solutions Professional		
26	Dual Fuel Smart Meter Installer		
27	Water Process Technician		
28	Financial Services Customer Adviser		
29	Investment Operations Administrator		
30	Investment Operations Specialist		
31	Senior Financial Services Customer Adviser		
32	Workplace Pensions (Administrator or Consultant)		
33	Investment Operations Technician		
34	Able Seafarer (Deck)		
35	Nuclear Welding Inspection Technician		
36	Public Service Operational Delivery Officer		
37	Aerospace Engineer		
38	Aerospace Software Development Engineer		
39	Conveyancing Technician		
40	Licensed Conveyancer		
41	Chartered Legal Executive		
42	Paralegal		
43	Solicitor		
44	Laboratory Scientist		
45	Science Industry Maintenance Technician		
46	Nuclear Health Physics Monitor		
47	Nuclear Scientist and Nuclear Engineer		
48	Paraplanner		
49	Refrigeration Air Conditioning and Heat Pump Engineering Technician		
50	Chartered Surveyor		
51	Surveying Technician		
52	Systems Engineering Masters Level		
53	Utilities Engineering Technician		
54	Butcher		
55	Chartered Manager Degree Apprenticeship		
56	Aerospace Manufacturing Electrical, Mechanical and Systems Fitter		
57	Gas Network Craftsperson		
58	Gas Network Team Leader		
59	Motor Vehicle Service and Maintenance Technician (light vehicle)		
60	Insurance Practitioner		
61	Dental Nurse		
62	Mortgage Adviser		
63	Insurance Professional		
64	Housing/Property Management Assistant		
65	Housing/Property Management		
66	Senior Housing/Property Management		
67	Non-destructive Testing Engineering Technician		
68	Junior Energy Manager		
69	Land-Based Service Engineer		
70	Land-Based Service Engineering Technician		
71	Live Event Rigger		
72	Bespoke Tailor and Cutter		
73	Public Sector Commercial Professional		
74	Gas Engineering		
75	Outside Broadcasting Engineer		
76	Boatbuilder		
77	Credit Controller/Collector		
78	Digital Marketer		
79	Cyber Intrusion Analyst		
80	Data Analyst		
81	Unified Communications Trouble Shooter		
82	Infrastructure Technician		
83	Junior Management Consultant		
84	Junior 2D Artist (visual effects)		
85	Assistant Technical Director (visual effects)		
86	Aviation Ground Specialist		
87	Aviation Ground Operative		
88	Rail Engineering Advanced Technician		
89	Rail Engineering Technician		
90	Rail Engineering Operative		
91	Software Tester		
92	Engineering Design and Draughtsperson		
93	Commis Chef		
94	Welding		
95	Welding		
96	Hospitality Team Member		
97	Machinist (Advanced Manufacturing Engineering)		
98	Cyber Security Technologist		
99	Healthcare Science Assistant		
100	Transport Planning Technician		
101	Retailer		
102	Healthcare Assistant Practitioner		
103	Healthcare Support Worker		
104	Operations/Departmental Manager		
105	Team Leader/Supervisor		
106	Papermaker		
107	Embedded Electronic Systems Design and Development Engineer		
108	HM Forces Serviceperson (Public Services)		
109	Supply Chain Operator		
110	Large Goods Vehicle (LGV) Driver		
111	Supply Chain Warehouse Operative		
112	Broadcast Production Assistant		
113	Aircraft Maintenance Fitter / Technician (fixed and rotary wing)		
114	Aircraft Maintenance Certifying Engineer		
115	Airworthiness Planning, Quality and Safety Technician		
116	Survival Equipment Fitter		
117	Professional Accounting Taxation Technician		
118	Lead Adult Care Worker		
119	Adult Care Worker		
120	Travel Consultant		
121	Airside Operator		
122	Customer Service Practitioner		
123	Aviation Operations Manager		
124	Highway Electrician / Service Operative		
125	Highway Electrical Maintenance and Installation Operative		
126	Fire Emergency and Security Systems Technician		
127	Electrical Power Protection and Plant Commissioning Engineer		
128	Associate Project Manager		
129	Food and Drink Advanced Process Operator		
130	Food and Drink Process Operator		
131	Food Technologist		
132	Non-destructive Testing (NDT) Operator		
133	Assistant Accountant		
134	Bus and Coach Engineering Technician		
135	Heavy Vehicle Service and Maintenance Technician		
136	Bus and Coach Engineering Manager		
137	Furniture Manufacturer		
138	Hospitality Supervisor		
139	Senior Chef Production Cooking		
140	Retail Team Leader		
141	Aviation Maintenance Mechanic (Military)		
142	IT Technical Salesperson		
143	Compliance / Risk Officer		
144	Senior Compliance / Risk Specialist		
145	Sports Turf Operative		
146	Maintenance and Operations Engineering Technician		
147	Retail Manager		
148	Advanced Credit Controller / Debt Collection Specialist		
149	Advanced Dairy Technologist		
150	Healthcare Science Associate		
151	Senior Healthcare Support Worker		
152	Advanced Butcher		
153	Financial Adviser		
154	Software Development Technician		
155	Unified Communications Technician		
156	Associate Ambulance Practitioner		
157	Hair Professional		
158	Spectacle Maker		
159	Event Assistant		
160	Composites Technician		
161	Power Engineer		
162	Facilities Management Supervisor		
163	Nuclear Technician		
164	Building Services Engineering Installer		
165	IS Business Analyst		
166	Postgraduate Engineer		
167	Engineering Technician		
168	Healthcare Science Practitioner		
169	Chef De Partie		
170	Registered Nurse		
171	Construction Steel Fixer		
172	Fishmonger		
173	Building Services Engineering Craftsperson		
174	Junior Content Producer		
175	Mineral Processing Mobile and Static Plant Operator		
176	Accident Repair Technician		
177	Baker		
178	Building Services Design Technician		
179	Animal Technologist		
180	Arborist		
181	Horticulture and Landscape Operative		
182	Forest Operative		
183	Bespoke Saddler		
184	Food Industry Technical Professional		
185	Building Services Engineering Ductwork Craftsperson		
186	Project Controls Technician		
187	Metrology Technician		
188	Rail Infrastructure Operator		
189	Passenger Transport Driver - bus, coach and rail		
190	HR Consultant / Partner		
191	HR Support		
192	Building Services Engineering Ductwork Installer		
193	Building Services Engineering Service and Maintenance Engineer		
194	Building Services Engineering Ventilation Hygiene Technician		
195	Digital Engineering Technician		
196	Business Administrator		
197	Organ Builder		
198	Building Services Design Engineer		
199	Civil Engineering Technician		
200	Civil Engineer		
201	Process Automation Engineer		
202	Engineering Construction Pipefitter		
203	Teacher		
204	Senior Leader Master's Degree		
204a	Accountancy Taxation Professional		
205	Senior Insurance Professional		
206	Passenger transport onboard and station team member		
207	Non-Destructive Testing Engineer		
208	Nursing Associate		
209	Supply Chain Practitioner		
210	Motor Finance Specialist		
211	Probate Technician		
212	Electrical, Electronic Product Service and Installation Engineer		
213	Financial Services Professional		
214	Passenger Transport Operations Manager		
215	Community Activator Coach		
216	Electrical Power Networks Engineer		
217	Recruitment Consultant		
218	Recruitment Resourcer		
219	Lifting Technician		
220	High Speed Rail and Infrastructure Technician		
221	Laboratory Scientist		
222	Commercial Procurement and Supply		
223	Creative Venue Technician		
224	Leisure Duty Manager		
225	Plumbing and Domestic Heating Technician		
226	Marine Engineer		
227	Nuclear Operative		
230	Tunnelling Operative		
231	Policy Officer		
232	School Business Professional		
250	Technician Scientist		
251	Science Manufacturing Process Operative		
253	Science Industry Process/Plant Engineer		
254	Laboratory Scientist (Degree)		